id;server_key;ip_address
1;29-1;192.168.42.117
2;32-1;192.168.42.119
3;32-2;192.168.42.120
4;33-1;192.168.42.53
5;47-1;192.168.42.144
6;48-1;192.168.42.145
7;55-1;192.168.42.156
8;57-1;192.168.42.158
9;110-1;192.168.42.213
10;111-1;192.168.42.210
11;112-1;192.168.42.214
12;130-1;192.168.43.18
13;135-1;192.168.43.37
14;144-1;192.168.43.50
15;158-1;192.168.43.79
16;166-1;192.168.43.89
17;180-1;192.168.43.107
18;184-2;192.168.43.111
19;185-1;192.168.43.112
20;192-1;192.168.43.122
21;197-1;192.168.43.127
22;200-1;192.168.43.129
23;206-1;192.168.45.27
24;206-2;192.168.45.50
25;211-1;192.168.43.140
26;217-1;192.168.43.147
27;218-14;192.168.43.169
28;218-117;192.168.43.148
29;218-100;192.168.42.175
30;218-7;192.168.43.192
31;218-141;192.168.45.173
32;218-56;192.168.43.217
33;218-115;192.168.45.34
34;218-93;192.168.43.134
35;218-68;192.168.43.224
36;218-134;192.168.45.122
37;218-27;192.168.43.183
38;218-94;192.168.42.109
39;218-127;192.168.45.95
40;218-122;192.168.45.48
41;218-72;192.168.43.233
42;218-54;192.168.43.230
43;218-51;192.168.43.209
44;218-87;192.168.44.155
45;218-81;192.168.44.73
46;218-76;192.168.44.134
47;218-58;192.168.43.220
48;218-74;192.168.43.184
49;218-23;192.168.43.206
50;218-102;192.168.42.171
51;218-105;192.168.42.167
52;218-22;192.168.43.178
53;218-26;192.168.43.182
54;218-45;192.168.43.205
55;218-55;192.168.43.229
56;218-40;192.168.43.197
57;218-46;192.168.45.51
58;218-77;192.168.44.76
59;218-5;192.168.43.159
60;218-67;192.168.43.227
61;218-78;192.168.44.130
62;218-82;192.168.44.133
63;218-119;192.168.45.31
64;218-69;192.168.43.223
65;218-47;192.168.43.210
66;218-132;192.168.45.123
67;218-125;192.168.45.98
68;218-85;192.168.44.154
69;218-71;192.168.43.215
70;218-53;192.168.43.231
71;218-6;192.168.43.160
72;218-104;192.168.42.169
73;218-120;192.168.43.208
74;218-147;192.168.41.10
75;218-99;192.168.42.172
76;218-112;192.168.45.26
77;218-52;192.168.43.222
78;218-60;192.168.43.221
79;218-42;192.168.45.32
80;218-108;192.168.43.212
81;218-130;192.168.45.120
82;218-8;192.168.43.163
83;218-137;192.168.45.148
84;218-144;192.168.45.172
85;218-35;192.168.43.200
86;218-61;192.168.43.219
87;218-111;192.168.45.29
88;218-123;192.168.45.49
89;218-131;192.168.45.118
90;218-30;192.168.43.186
91;218-11;192.168.43.166
92;218-66;192.168.43.226
93;218-91;192.168.42.65
94;218-37;192.168.43.198
95;218-150;192.168.42.108
96;218-83;192.168.44.152
97;218-151;192.168.43.180
98;218-4;192.168.43.158
99;218-129;192.168.45.121
100;218-13;192.168.43.168
101;218-70;192.168.44.74
102;218-64;192.168.43.214
103;218-48;192.168.43.207
104;218-124;192.168.45.99
105;218-12;192.168.43.167
106;218-79;192.168.44.131
107;218-149;192.168.43.149
108;218-36;192.168.43.196
109;218-28;192.168.43.213
110;218-133;192.168.45.119
111;218-128;192.168.45.97
112;218-95;192.168.42.112
113;218-21;192.168.43.176
114;218-59;192.168.43.225
115;218-145;192.168.45.170
116;218-43;192.168.43.216
117;218-110;192.168.45.28
118;218-16;192.168.43.171
119;218-80;192.168.44.132
120;218-136;192.168.45.162
121;218-44;192.168.43.204
122;218-139;192.168.45.149
123;218-113;192.168.45.24
124;218-75;192.168.44.75
125;218-9;192.168.43.164
126;218-89;192.168.42.64
127;218-92;192.168.42.66
128;218-20;192.168.43.175
129;218-3;192.168.43.157
130;218-57;192.168.43.232
131;218-116;192.168.45.33
132;218-90;192.168.42.67
133;218-142;192.168.45.175
134;218-63;192.168.43.218
135;218-121;192.168.45.47
136;218-88;192.168.42.63
137;218-41;192.168.43.202
138;218-135;192.168.45.152
139;218-10;192.168.43.165
140;218-103;192.168.42.174
141;218-109;192.168.45.30
142;218-29;192.168.43.185
143;218-19;192.168.43.174
144;218-96;192.168.42.111
145;218-17;192.168.43.172
146;218-62;192.168.44.72
147;218-138;192.168.45.150
148;218-107;192.168.42.168
149;218-146;192.168.41.8
150;218-33;192.168.43.194
151;230-1;192.168.43.235
152;236-1;192.168.43.242
153;241-8;192.168.42.162
154;241-3;192.168.44.47
155;241-2;192.168.44.46
156;241-1;192.168.43.247
157;241-7;192.168.44.95
158;241-5;192.168.44.66
159;241-9;192.168.45.249
160;242-1;192.168.43.249
161;246-1;192.168.44.3
162;248-1;192.168.44.4
163;250-3;192.168.44.9
164;250-11;192.168.44.17
165;250-4;192.168.44.10
166;250-12;192.168.44.18
167;250-10;192.168.44.16
168;250-15;192.168.44.21
169;250-7;192.168.44.13
170;250-14;192.168.44.20
171;250-9;192.168.44.15
172;250-5;192.168.44.11
173;250-8;192.168.44.14
174;251-2;192.168.45.78
175;254-6;192.168.42.91
176;254-5;192.168.42.4
177;254-9;192.168.45.211
178;254-2;192.168.44.129
179;254-1;192.168.44.29
180;255-1;192.168.44.30
181;258-2;192.168.44.93
182;258-7;192.168.44.174
183;258-1;192.168.44.33
184;258-9;192.168.45.189
185;258-8;192.168.42.23
186;258-3;192.168.44.150
187;259-18;192.168.44.114
188;259-24;192.168.44.112
189;259-14;192.168.44.109
190;259-39;192.168.45.39
191;259-22;192.168.44.119
192;259-27;192.168.42.83
193;259-37;192.168.42.128
194;259-29;192.168.42.85
195;259-8;192.168.44.62
196;259-32;192.168.42.84
197;259-11;192.168.44.106
198;259-45;192.168.41.80
199;259-13;192.168.44.108
200;259-21;192.168.44.120
201;259-4;192.168.44.53
202;259-3;192.168.44.52
203;259-41;192.168.44.107
204;259-31;192.168.42.81
205;259-20;192.168.44.115
206;259-30;192.168.42.82
207;259-36;192.168.42.122
208;259-33;192.168.42.86
209;259-17;192.168.44.51
210;259-28;192.168.42.80
211;259-1;192.168.44.58
212;259-5;192.168.44.59
213;259-15;192.168.44.110
214;259-26;192.168.42.3
215;259-12;192.168.44.111
216;259-38;192.168.42.11
217;259-7;192.168.44.61
218;259-35;192.168.42.89
219;259-9;192.168.44.63
220;263-2;192.168.44.70
221;263-13;192.168.44.138
222;263-16;192.168.44.158
223;263-15;192.168.44.157
224;263-9;192.168.44.124
225;263-22;192.168.42.25
226;263-24;192.168.42.26
227;263-26;192.168.42.72
228;263-11;192.168.44.125
229;263-23;192.168.42.24
230;263-8;192.168.44.123
231;263-7;192.168.44.122
232;263-27;192.168.44.126
233;263-21;192.168.42.27
234;263-3;192.168.44.71
235;265-1;192.168.44.2
236;268-1;192.168.44.100
237;269-6;192.168.42.59
238;269-2;192.168.44.102
239;269-25;192.168.41.37
240;269-24;192.168.41.38
241;269-13;192.168.45.253
242;269-16;192.168.41.29
243;269-18;192.168.41.28
244;269-4;192.168.42.184
245;269-17;192.168.41.30
246;269-22;192.168.41.34
247;269-15;192.168.41.27
248;269-19;192.168.41.26
249;269-23;192.168.45.235
250;269-5;192.168.42.12
251;269-20;192.168.41.33
252;269-9;192.168.45.190
253;269-27;192.168.41.54
254;269-28;192.168.41.57
255;272-2;192.168.44.128
256;279-1;192.168.44.141
257;279-2;192.168.45.46
258;279-3;192.168.42.127
259;283-1;192.168.44.151
260;284-1;192.168.44.170
261;290-1;192.168.44.177
262;291-1;192.168.45.116
263;291-6;192.168.45.191
264;291-7;192.168.45.197
265;297-1;192.168.42.88
266;298-1;192.168.42.71
267;301-4;192.168.42.58
268;301-1;192.168.42.55
269;301-2;192.168.42.56
270;301-3;192.168.42.57
271;302-3;192.168.42.68
272;302-1;192.168.42.70
273;302-2;192.168.42.69
274;302-4;192.168.45.113
275;310-1;192.168.42.87
276;311-1;192.168.42.98
277;311-2;192.168.42.100
278;315-1;192.168.42.107
279;320-1;192.168.42.47
280;321-2;192.168.42.126
281;322-1;192.168.42.6
282;323-1;192.168.42.8
283;325-1;192.168.42.131
284;339-1;192.168.42.161
285;340-1;192.168.45.8
286;342-1;192.168.42.157
287;344-1;192.168.42.187
288;347-1;192.168.42.208
289;351-1;192.168.42.215
290;353-1;192.168.42.216
291;356-1;192.168.45.43
292;357-1;192.168.45.54
293;360-1;192.168.45.57
294;363-1;192.168.45.66
295;368-1;192.168.45.76
296;369-1;192.168.45.79
297;371-1;192.168.45.89
298;372-1;192.168.45.93
299;373-1;192.168.45.90
300;376-1;192.168.45.110
301;378-1;192.168.45.108
302;379-1;192.168.45.142
303;380-1;192.168.45.115
304;383-2;192.168.45.141
305;383-1;192.168.45.138
306;384-1;192.168.45.139
307;385-1;192.168.45.146
308;386-1;192.168.45.144
309;389-1;192.168.45.45
310;390-1;192.168.45.153
311;393-1;192.168.45.161
312;397-1;192.168.45.164
313;401-1;192.168.45.168
314;403-1;192.168.45.178
315;409-3;192.168.45.215
316;410-2;192.168.45.219
317;410-3;192.168.45.220
318;411-1;192.168.45.209
319;412-5;192.168.45.204
320;412-4;192.168.41.61
321;412-1;192.168.45.205
322;412-2;192.168.45.206
323;412-3;192.168.41.60
324;414-1;192.168.45.208
325;417-1;192.168.45.221
326;419-1;192.168.45.223
327;422-1;192.168.42.90
328;424-1;192.168.45.230
329;425-1;192.168.43.106
330;429-1;192.168.45.240
331;431-1;192.168.45.242
332;435-1;192.168.45.247
333;436-1;192.168.43.82
334;437-1;192.168.45.250
335;443-1;192.168.41.4
336;444-1;192.168.41.6
337;448-1;192.168.41.11
338;452-1;192.168.41.15
339;452-2;192.168.41.13
340;453-1;192.168.41.17
341;456-1;192.168.41.20
342;457-1;192.168.41.24
343;458-1;192.168.41.35
344;459-1;192.168.42.140
345;460-1;192.168.41.23
346;461-1;192.168.41.25
347;462-1;192.168.41.31
348;465-12;192.168.41.82
349;468-1;192.168.41.55
350;471-1;192.168.41.65
351;472-1;192.168.41.64
352;473-1;192.168.41.67
353;475-1;192.168.45.184
354;477-1;192.168.41.70
355;478-2;192.168.41.72
356;478-1;192.168.41.71
357;479-1;192.168.41.75
358;480-1;192.168.45.185
359;481-1;192.168.41.76
360;482-1;192.168.41.77
361;483-1;192.168.42.211
362;484-1;192.168.41.78
363;485-1;192.168.41.79
364;488-1;192.168.41.89
365;490-1;192.168.41.84
366;491-1;192.168.41.85
367;493-1;192.168.41.81
368;493-2;192.168.41.87
369;494-1;192.168.41.86
370;495-1;192.168.41.88
371;496-1;192.168.41.90
372;497-1;192.168.41.91
373;498-1;192.168.41.92
374;499-1;192.168.41.94
375;500-1;192.168.41.95
376;502-1;192.168.43.138
377;507-7;192.168.43.248
378;507-3;192.168.42.41
379;666-1;192.168.43.102
380;1000-1;192.168.90.8
381;122-117;192.168.45.106
382;122-100;192.168.45.41
383;122-91;192.168.42.178
384;122-98;192.168.45.37
385;122-126;192.168.42.177
386;122-110;192.168.42.229
387;122-2;192.168.42.249
388;122-43;192.168.43.62
389;122-4;192.168.42.233
390;122-118;192.168.45.157
391;122-95;192.168.43.4
392;122-123;192.168.45.187
393;122-94;192.168.42.189
394;122-54;192.168.43.64
395;122-120;192.168.45.188
396;122-119;192.168.45.158
397;122-103;192.168.45.62
398;122-101;192.168.42.241
399;122-102;192.168.45.53
400;122-104;192.168.45.70
401;122-105;192.168.45.71
402;122-21;192.168.43.8
403;122-124;192.168.41.14
404;122-114;192.168.45.105
405;122-112;192.168.45.86
406;122-61;192.168.42.180
407;122-55;192.168.43.6
408;122-106;192.168.45.80
409;122-116;192.168.45.107
410;220-1;192.168.43.152
